"AppName","AppId","GcpResourceId","AddedToDate","AddedBy","AddedToSpaces","LastActivityDate","TotalEvents","UniqueSpaces","ActiveInSpaces","SpaceDetails","EventTypes","FirstSeen"
"Polly","gcp/1077762947798","gcp/1077762947798","2026-04-13T15:47:01Z","admin-tamanna@rocheua.com","N/A","2026-04-13T15:47:01Z","9","2","N/A"," (Type: Members:) ||  (Type: Members:)","app_added | app_removed | app_invoked","2026-04-09T05:43:05Z"
"Poll","gcp/330982171253","gcp/330982171253","2026-04-09T05:45:33Z","admin-tamanna@rocheua.com","MyTestSpace","2026-04-13T15:44:28Z","8","2","MyTestSpace","MyTestSpace (Type:SPACE Members:1) ||  (Type: Members:)","app_added | app_removed | app_invoked","2026-04-09T05:45:32Z"
"Google Drive","gcp/882371411600","gcp/882371411600","2026-03-20T15:36:29Z","admin-tamanna@rocheua.com","N/A","2026-04-02T10:38:35Z","8","8","N/A"," (Type: Members:) ||  (Type: Members:) ||  (Type: Members:) ||  (Type: Members:) ||  (Type: Members:) ||  (Type: Members:) ||  (Type: Members:) ||  (Type: Members:)","app_added","2026-03-20T15:36:29Z"
"Absolute Poll","gcp/687007803052","gcp/687007803052","N/A","N/A","N/A","2026-04-09T05:34:17Z","5","1","N/A"," (Type: Members:)","app_invoked","2026-04-09T05:33:52Z"
"Abang Translator","gcp/963775668283","gcp/963775668283","2026-03-20T15:39:18Z","resmi@rocheua.com","testSpace11 | TestSpace1","2026-04-08T14:22:52Z","4","3","TestSpace1 | testSpace11","TestSpace1 (Type:SPACE Members:2) || testSpace11 (Type:SPACE Members:2) ||  (Type: Members:)","app_invoked | app_added","2026-03-20T15:39:18Z"
"Agatha","gcp/640988948886","gcp/640988948886","2026-03-20T15:39:26Z","admin-tamanna@rocheua.com","MyTestSpace | TestSpace1","2026-04-13T15:44:28Z","4","4","MyTestSpace | TestSpace1","MyTestSpace (Type:SPACE Members:1) ||  (Type: Members:) || TestSpace1 (Type:SPACE Members:2) ||  (Type: Members:)","app_added","2026-03-20T15:39:26Z"
"Jira","gcp/1063804824442","gcp/1063804824442","2026-04-13T15:46:50Z","admin-tamanna@rocheua.com","N/A","2026-04-13T15:46:50Z","2","2","N/A"," (Type: Members:) ||  (Type: Members:)","app_added","2026-04-13T15:46:50Z"
"Cuneiform Chat","gcp/836748676320","gcp/836748676320","2026-04-08T14:25:06Z","resmi@rocheua.com","TestSpace1","2026-04-08T14:25:06Z","2","2","TestSpace1","TestSpace1 (Type:SPACE Members:2) ||  (Type: Members:)","app_added","2026-04-08T14:25:06Z"
