"AppId","AppName","GcpResourceId","LastActivityDate","FirstSeen","TotalEvents","UniqueSpaces","EventTypes","SpacesUsedIn"
"gcp/1077762947798","Polly","gcp/1077762947798","2026-04-13T15:47:01Z","2026-04-09T05:43:05Z","9","2","app_added | app_removed | app_invoked",""
"gcp/330982171253","Poll","gcp/330982171253","2026-04-13T15:44:28Z","2026-04-09T05:45:32Z","8","2","app_added | app_removed | app_invoked","MyTestSpace"
"gcp/882371411600","Google Drive","gcp/882371411600","2026-04-02T10:38:35Z","2026-03-20T15:36:29Z","8","8","app_added",""
"gcp/687007803052","Absolute Poll","gcp/687007803052","2026-04-09T05:34:17Z","2026-04-09T05:33:52Z","5","1","app_invoked",""
"gcp/963775668283","Abang Translator","gcp/963775668283","2026-04-08T14:22:52Z","2026-03-20T15:39:18Z","4","3","app_invoked | app_added","TestSpace1 | testSpace11"
"gcp/640988948886","Agatha","gcp/640988948886","2026-04-13T15:44:28Z","2026-03-20T15:39:26Z","4","4","app_added","MyTestSpace | TestSpace1"
"gcp/1063804824442","Jira","gcp/1063804824442","2026-04-13T15:46:50Z","2026-04-13T15:46:50Z","2","2","app_added",""
"gcp/836748676320","Cuneiform Chat","gcp/836748676320","2026-04-08T14:25:06Z","2026-04-08T14:25:06Z","2","2","app_added","TestSpace1"
